{"data":{"node":{"fields":{"pageInfo":{"hasNextPage":false,"endCursor":"MTA"},"nodes":[{"__typename":"ProjectV2Field"},{"__typename":"ProjectV2Field"},{"__typename":"ProjectV2SingleSelectField","id":"PVTSSF_lAHODWlRWc4BA4eczgzjbYM","name":"Status","options":[{"id":"5639925e","name":"Backlog"},{"id":"f75ad846","name":"To Do"},{"id":"47fc9ee4","name":"In Progress"},{"id":"1f696453","name":"Review"},{"id":"98236657","name":"Done"}]},{"__typename":"ProjectV2Field"},{"__typename":"ProjectV2Field"},{"__typename":"ProjectV2Field"},{"__typename":"ProjectV2Field"},{"__typename":"ProjectV2Field"},{"__typename":"ProjectV2Field"},{"__typename":"ProjectV2Field"}]}}}}
