{"data":{"node":{"items":{"nodes":[{"id":"PVTI_lAHODWlRWc4BA4eczgdyIUc","content":{"__typename":"Issue","number":13,"title":"Ph0: gsync green on clean Codespace","state":"CLOSED","labels":{"nodes":[{"name":"phase:0"},{"name":"track:ops"},{"name":"comp:baseline"}]}},"fieldValues":{"nodes":[{"__typename":"ProjectV2ItemFieldRepositoryValue"},{"__typename":"ProjectV2ItemFieldLabelValue"},{"__typename":"ProjectV2ItemFieldTextValue"},{"__typename":"ProjectV2ItemFieldSingleSelectValue","field":{"__typename":"ProjectV2SingleSelectField","id":"PVTSSF_lAHODWlRWc4BA4eczgzjbYM","name":"Status"},"optionId":"98236657","name":"Done"}]}},{"id":"PVTI_lAHODWlRWc4BA4eczgdyIVM","content":{"__typename":"Issue","number":14,"title":"Ph0: actionlint gate in CI","state":"OPEN","labels":{"nodes":[{"name":"phase:0"},{"name":"track:ci"}]}},"fieldValues":{"nodes":[{"__typename":"ProjectV2ItemFieldRepositoryValue"},{"__typename":"ProjectV2ItemFieldLabelValue"},{"__typename":"ProjectV2ItemFieldTextValue"},{"__typename":"ProjectV2ItemFieldSingleSelectValue","field":{"__typename":"ProjectV2SingleSelectField","id":"PVTSSF_lAHODWlRWc4BA4eczgzjbYM","name":"Status"},"optionId":"f75ad846","name":"To Do"}]}},{"id":"PVTI_lAHODWlRWc4BA4eczgdyIV0","content":{"__typename":"Issue","number":15,"title":"Ph1: TS toolchain (no rewrite)","state":"OPEN","labels":{"nodes":[{"name":"phase:1"},{"name":"track:tech"}]}},"fieldValues":{"nodes":[{"__typename":"ProjectV2ItemFieldRepositoryValue"},{"__typename":"ProjectV2ItemFieldLabelValue"},{"__typename":"ProjectV2ItemFieldTextValue"},{"__typename":"ProjectV2ItemFieldSingleSelectValue","field":{"__typename":"ProjectV2SingleSelectField","id":"PVTSSF_lAHODWlRWc4BA4eczgzjbYM","name":"Status"},"optionId":"5639925e","name":"Backlog"}]}},{"id":"PVTI_lAHODWlRWc4BA4eczgdyIWw","content":{"__typename":"Issue","number":16,"title":"Ph1: ESLint w/ @typescript-eslint (warn-only)","state":"OPEN","labels":{"nodes":[{"name":"phase:1"},{"name":"track:tech"},{"name":"track:quality"}]}},"fieldValues":{"nodes":[{"__typename":"ProjectV2ItemFieldRepositoryValue"},{"__typename":"ProjectV2ItemFieldLabelValue"},{"__typename":"ProjectV2ItemFieldTextValue"},{"__typename":"ProjectV2ItemFieldSingleSelectValue","field":{"__typename":"ProjectV2SingleSelectField","id":"PVTSSF_lAHODWlRWc4BA4eczgzjbYM","name":"Status"},"optionId":"5639925e","name":"Backlog"}]}},{"id":"PVTI_lAHODWlRWc4BA4eczgdyIXY","content":{"__typename":"Issue","number":17,"title":"Ph2: License gate at startup","state":"OPEN","labels":{"nodes":[{"name":"phase:2"},{"name":"track:licensing"},{"name":"sec:app"}]}},"fieldValues":{"nodes":[{"__typename":"ProjectV2ItemFieldRepositoryValue"},{"__typename":"ProjectV2ItemFieldLabelValue"},{"__typename":"ProjectV2ItemFieldTextValue"},{"__typename":"ProjectV2ItemFieldSingleSelectValue","field":{"__typename":"ProjectV2SingleSelectField","id":"PVTSSF_lAHODWlRWc4BA4eczgzjbYM","name":"Status"},"optionId":"5639925e","name":"Backlog"}]}},{"id":"PVTI_lAHODWlRWc4BA4eczgdyIYI","content":{"__typename":"Issue","number":18,"title":"Ph2: Mock License Server (dev)","state":"OPEN","labels":{"nodes":[{"name":"phase:2"},{"name":"track:licensing"}]}},"fieldValues":{"nodes":[{"__typename":"ProjectV2ItemFieldRepositoryValue"},{"__typename":"ProjectV2ItemFieldLabelValue"},{"__typename":"ProjectV2ItemFieldTextValue"},{"__typename":"ProjectV2ItemFieldSingleSelectValue","field":{"__typename":"ProjectV2SingleSelectField","id":"PVTSSF_lAHODWlRWc4BA4eczgzjbYM","name":"Status"},"optionId":"5639925e","name":"Backlog"}]}},{"id":"PVTI_lAHODWlRWc4BA4eczgdyIYw","content":{"__typename":"Issue","number":19,"title":"Ph2: Heartbeat + hot-swap token","state":"OPEN","labels":{"nodes":[{"name":"track:ops"},{"name":"phase:2"},{"name":"track:licensing"}]}},"fieldValues":{"nodes":[{"__typename":"ProjectV2ItemFieldRepositoryValue"},{"__typename":"ProjectV2ItemFieldLabelValue"},{"__typename":"ProjectV2ItemFieldTextValue"},{"__typename":"ProjectV2ItemFieldSingleSelectValue","field":{"__typename":"ProjectV2SingleSelectField","id":"PVTSSF_lAHODWlRWc4BA4eczgzjbYM","name":"Status"},"optionId":"5639925e","name":"Backlog"}]}},{"id":"PVTI_lAHODWlRWc4BA4eczgdzG8g","content":{"__typename":"Issue","number":22,"title":"Ph1: auto-route test","state":"CLOSED","labels":{"nodes":[{"name":"Phase1"}]}},"fieldValues":{"nodes":[{"__typename":"ProjectV2ItemFieldRepositoryValue"},{"__typename":"ProjectV2ItemFieldLabelValue"},{"__typename":"ProjectV2ItemFieldTextValue"},{"__typename":"ProjectV2ItemFieldSingleSelectValue","field":{"__typename":"ProjectV2SingleSelectField","id":"PVTSSF_lAHODWlRWc4BA4eczgzjbYM","name":"Status"},"optionId":"98236657","name":"Done"}]}},{"id":"PVTI_lAHODWlRWc4BA4eczgdzGk4","content":{"__typename":"Issue","number":21,"title":"Ph1: demo ticket","state":"OPEN","labels":{"nodes":[{"name":"Phase1"}]}},"fieldValues":{"nodes":[{"__typename":"ProjectV2ItemFieldRepositoryValue"},{"__typename":"ProjectV2ItemFieldLabelValue"},{"__typename":"ProjectV2ItemFieldTextValue"},{"__typename":"ProjectV2ItemFieldSingleSelectValue","field":{"__typename":"ProjectV2SingleSelectField","id":"PVTSSF_lAHODWlRWc4BA4eczgzjbYM","name":"Status"},"optionId":"5639925e","name":"Backlog"}]}},{"id":"PVTI_lAHODWlRWc4BA4eczgdzFgA","content":{"__typename":"Issue","number":20,"title":"Ph1: test auto-status routing","state":"CLOSED","labels":{"nodes":[{"name":"Phase1"}]}},"fieldValues":{"nodes":[{"__typename":"ProjectV2ItemFieldRepositoryValue"},{"__typename":"ProjectV2ItemFieldLabelValue"},{"__typename":"ProjectV2ItemFieldTextValue"},{"__typename":"ProjectV2ItemFieldSingleSelectValue","field":{"__typename":"ProjectV2SingleSelectField","id":"PVTSSF_lAHODWlRWc4BA4eczgzjbYM","name":"Status"},"optionId":"98236657","name":"Done"}]}},{"id":"PVTI_lAHODWlRWc4BA4eczgdzJD0","content":{"__typename":"Issue","number":23,"title":"Ph1: routing check from new terminal","state":"OPEN","labels":{"nodes":[{"name":"Phase1"}]}},"fieldValues":{"nodes":[{"__typename":"ProjectV2ItemFieldRepositoryValue"},{"__typename":"ProjectV2ItemFieldLabelValue"},{"__typename":"ProjectV2ItemFieldPullRequestValue"},{"__typename":"ProjectV2ItemFieldTextValue"},{"__typename":"ProjectV2ItemFieldSingleSelectValue","field":{"__typename":"ProjectV2SingleSelectField","id":"PVTSSF_lAHODWlRWc4BA4eczgzjbYM","name":"Status"},"optionId":"5639925e","name":"Backlog"}]}},{"id":"PVTI_lAHODWlRWc4BA4eczgdzJEE","content":{"__typename":"Issue","number":24,"title":"Ph0: routing check from new terminal","state":"CLOSED","labels":{"nodes":[{"name":"Phase0"}]}},"fieldValues":{"nodes":[{"__typename":"ProjectV2ItemFieldRepositoryValue"},{"__typename":"ProjectV2ItemFieldLabelValue"},{"__typename":"ProjectV2ItemFieldTextValue"},{"__typename":"ProjectV2ItemFieldSingleSelectValue","field":{"__typename":"ProjectV2SingleSelectField","id":"PVTSSF_lAHODWlRWc4BA4eczgzjbYM","name":"Status"},"optionId":"98236657","name":"Done"}]}},{"id":"PVTI_lAHODWlRWc4BA4eczgdzRcg","content":{"__typename":"Issue","number":26,"title":"Ph1: sanity – TS lint config","state":"OPEN","labels":{"nodes":[{"name":"Phase1"}]}},"fieldValues":{"nodes":[{"__typename":"ProjectV2ItemFieldRepositoryValue"},{"__typename":"ProjectV2ItemFieldLabelValue"},{"__typename":"ProjectV2ItemFieldTextValue"},{"__typename":"ProjectV2ItemFieldSingleSelectValue","field":{"__typename":"ProjectV2SingleSelectField","id":"PVTSSF_lAHODWlRWc4BA4eczgzjbYM","name":"Status"},"optionId":"5639925e","name":"Backlog"}]}},{"id":"PVTI_lAHODWlRWc4BA4eczgdzRco","content":{"__typename":"Issue","number":27,"title":"Ph0: sanity – smoke on clean Codespace","state":"OPEN","labels":{"nodes":[{"name":"Phase0"}]}},"fieldValues":{"nodes":[{"__typename":"ProjectV2ItemFieldRepositoryValue"},{"__typename":"ProjectV2ItemFieldLabelValue"},{"__typename":"ProjectV2ItemFieldTextValue"},{"__typename":"ProjectV2ItemFieldSingleSelectValue","field":{"__typename":"ProjectV2SingleSelectField","id":"PVTSSF_lAHODWlRWc4BA4eczgzjbYM","name":"Status"},"optionId":"f75ad846","name":"To Do"}]}}],"pageInfo":{"hasNextPage":false,"endCursor":"Y3Vyc29yOnYyOpK5MDAwMDAwMDAuMDcxNDI4NTcxNDI4NTcxNM4Hc0XK"}}}}}
